Pharmacy Name,Owner/Pharmacist Name,Email,Website URL,
90th Street Pharmacy,,pharmacy90@aol.com,https://www.90thstpharmacy.com,pharmacy90@aol.com
A&J Pharmacy,,sle@anjpharmacy.com,https://www.ajpharmacy.co,sle@anjpharmacy.com
Alexander Pharmacy,,info@alexanderrx.com,https://www.alexanderrx.com,info@alexanderrx.com
Altru Chemists,,hello@altrurx.com,https://www.altrurx.com,hello@altrurx.com
Ambar Pharmacy,,ambarpharmacy@live.com,https://www.ambarpharmacy.com,ambarpharmacy@live.com
Auburndale Pharmacy,,auburndale.pharmacy@gmail.com,https://www.auburndalepharmacy.com,auburndale.pharmacy@gmail.com
AV Chemist,,info@avchemist.com,https://avchemist.com,info@avchemist.com
Baron's Drug Store,Michael Cleary,baronsdrug243@gmail.com,https://www.baronsdrugstore.com,baronsdrug243@gmail.com
Bay Chemists,,baychemists@gmail.com,https://www.baychemists.com,baychemists@gmail.com
Bay Pharmacy,,baypharmacy25@gmail.com,https://thebaypharmacy.com,baypharmacy25@gmail.com
Bayside Compounding Pharmacy,,chris@sterlingpharmacyny.com,https://baysidecompoundingpharmacy.com,chris@sterlingpharmacyny.com
Best Pharmacy NYC,Borukh Aminov,bestpharmacy720@gmail.com,https://www.bestpharmacynyc.com,bestpharmacy720@gmail.com
Big Six Pharmacy,,bigsixrx@gmail.com,https://bigsixrx.com,bigsixrx@gmail.com
Bliss Drugs,,info@blissdrugs.com,https://www.blissdrugs.com,info@blissdrugs.com
Bolton's Pharmacy,,info@boltonspharmacy.net,https://www.boltonspharmacy.com,info@boltonspharmacy.net
Bonhamtown Pharmacy,,bonhamtownpharmacy@gmail.com,https://www.bonhamtownpharmacy.com,bonhamtownpharmacy@gmail.com
Boom Pharmacy,,info@boompharmacy.com,https://www.boompharmacy.com,info@boompharmacy.com
Boro Park Pharmacy,,info@boroparkpharmacy.com,https://www.boroparkpharmacy.com,info@boroparkpharmacy.com
Bowker's Pharmacy,,bowkersrx@gmail.com,https://www.bowkersrx.com,bowkersrx@gmail.com
Bridgeport Pharmacy,,pharmacist@bridgeportpharmacy.net,https://www.bridgeportpharmacy.net,pharmacist@bridgeportpharmacy.net
Brighton Community Pharmacy,,brightoncommunitypharmacy@yahoo.com,https://www.brightoncommunityrx.com,brightoncommunitypharmacy@yahoo.com
Burnet Pharmacy,,rxhelp@burnetpharmacy.com,https://www.burnetpharmacy.com,rxhelp@burnetpharmacy.com
C&J Northside Pharmacy,,cnjnorthsiderx@centralny.twcbc.com,https://www.candjnorthsidepharmacy.com,cnjnorthsiderx@centralny.twcbc.com
Caligor Pharmacy,,refills@caligorpharmacy.com,https://www.caligorpharmacy.com,refills@caligorpharmacy.com
Catalpa Chemists,,catalpachemists@gmail.com,https://www.catalpachemists.com,catalpachemists@gmail.com
Chapel Street Pharmacy,,chapelstreepharmacy@gmail.com,https://www.chapelstreetpharmacy.com,chapelstreepharmacy@gmail.com
Chemist On Bay,,chemistbay690@gmail.com,https://www.chemistonbayrx.com,chemistbay690@gmail.com
Cherry's Pharmacy,Charles Tabouchirani,cherrysrx@verizon.net,https://www.cherryspharmacy.com,cherrysrx@verizon.net
Clear Cities Pharmacy,,clearcitiespharmacy@gmail.com,https://www.clearcitiespharmacy.com,clearcitiespharmacy@gmail.com
Community Pharmacy Brewster,,communitypharm@yahoo.com,https://www.communitypharmacybrewster.com,communitypharm@yahoo.com
Community Pharmacy NYC,,queensrx@gmail.com,https://communitypharmacynyc.com,queensrx@gmail.com
Condo Pharmacy,Jean Moore,info@condopharmacy.com,https://www.condopharmacy.com,info@condopharmacy.com
Corner Pharmacy,,rx@cornerpharmacyny.com,https://www.cornerpharmacyny.com,rx@cornerpharmacyny.com
Crosskeys Pharmacy,,cmodi81@gmail.com,https://www.crosskeyspharmacy.com,cmodi81@gmail.com
CT Pharmacy,,jen@ctpharmacy.net,https://ctpharmacy.net,jen@ctpharmacy.net
David's Pharmacy,David Kunin,davidspharmacy2@gmail.com,https://www.davidsdrugs.com,davidspharmacy2@gmail.com
Desai's Pharmacy,Manishgiri Goswami,desaispharmacy@gmail.com,https://desaispharmacy.com,desaispharmacy@gmail.com
Dongan Hills Pharmacy,,dhpharmacy@me.com,https://www.donganhillspharmacy.com,dhpharmacy@me.com
Family Pharmacy Brooklyn,,info@familypharmacyny.com,https://www.familypharmacyny.com,info@familypharmacyny.com
Fancy RX,Radif Rashid,fancypharmacy@gmail.com,https://www.fancyrx.com,fancypharmacy@gmail.com
Farmacon Pharmacy,,farmaconrx1@aol.com,https://www.farmaconpharmacy.com,farmaconrx1@aol.com
FCLNY Independent Index,,info@fclny.org,https://www.fclny.org/independent-pharmacy-resource-index-ny,info@fclny.org
Franklin RX Pharmacy,,franklinrxs@gmail.com,https://franklinrxpharmacy.com,franklinrxs@gmail.com
FriendlyRx,,sales@friendlyrxny.com,https://www.friendlyrxny.com,sales@friendlyrxny.com
Hancock Pharmacy,,info@hancockrx.com,https://www.hancockrx.com,info@hancockrx.com
Health Source Plus Pharmacy,Emma Kalontar,healthsourceplus@hotmail.com,https://www.healthsourceplusrx.com,healthsourceplus@hotmail.com
Healthy Harlem Pharmacy,,healthyharlemrx@gmail.com,https://www.healthyharlemrx.org,healthyharlemrx@gmail.com
Healthy Heights Pharmacy,,healthyheights@yahoo.com,https://www.healthyheightspharmacy.com,healthyheights@yahoo.com
Healthy Living Pharmacy LIC,,afghanglobalincusa@gmail.com,https://healthylivingpharmacylic.com,afghanglobalincusa@gmail.com
Hill Pharmacy Maspeth,,myhillpharmacy@gmail.com,https://www.myhillpharmacy.com,myhillpharmacy@gmail.com
Hudson View Pharmacy,,hudsonviewrx@yahoo.com,https://www.hudsonviewpharmacy.com,#N/A
J&J Pharmacy NJ,,jjteaneckpharmacy@gmail.com,https://www.jandjdrugstores.com,#N/A
Jewel Pharmacy,,info@jewelpharmacy.com,https://www.jewelpharm.com,#N/A
L&M Pharmacy,,lmpharmacyandsurgical@gmail.com,http://www.landmpharmacy.com,#N/A
Life Care Pharmacy,,lifecarerx1337@yahoo.com,https://www.lifecarepharmacyny.com,#N/A
Lindsay Pharmacy,John Lindsay,info@lindsaypharmacy.com,https://www.lindsaypharmacy.com,#N/A
Live Well Pharmacy,,livewellutica@gmail.com,https://www.livewellutica.com,#N/A
Lowens Pharmacy,,lowenspharmacy@gmail.com,https://lowensrx.com,#N/A
Maple Pharmacy,,maplepharmacy@hotmail.com,https://www.maplepharmacyli.com,#N/A
MG Pharmacy,Gary Mayzel,mgrxpharmacy@gmail.com,https://www.mgpharmacyny.com,#N/A
Mill Park Pharmacy,,millparkpharmacy@yahoo.com,https://www.millparkpharmacy.com,#N/A
Molloy Pharmacy,,molloypharmacy2@gmail.com,https://molloypharmacy.com,#N/A
Moscoso Pharmacy,,moscosorx@optonline.net,https://www.moscosopharmacy.com,#N/A
Mt. Carmel Pharmacy,Roger J. Paganelli,info@mtcarmelpharmacy.com,https://www.mtcarmelpharmacy.com,#N/A
Nature's Prescriptions LIC,,naturesrxs@gmail.com,https://naturesrxs.com,#N/A
Nature's Remedy Pharmacy,Sandra Telesmanic,contact@naturesremedypharmacy.com,https://www.naturesremedypharmacy.com,#N/A
New Haven Pharmacy,,pharmacist@newhavenrx.com,https://www.newhavenrx.com,#N/A
North Brunswick Pharmacy,,northbrunswickpharmacyinc@gmail.com,https://northbrunswickpharmacy.com,#N/A
North Shore Chemists,,info@northshorechemists.com,https://www.northshorechemists.com,#N/A
Northside Pharmacy,,rx@northsidepharmacy.nyc,https://www.northsidepharmacy.nyc,#N/A
NuPathways Rx,,nupathwaysrx@gmail.com,https://www.nupathwaysrxpharmacy.com,#N/A
Ocean Breeze Pharmacy,,info@oceanbreezepharmacy.com,https://www.oceanbreezepharmacy.com,#N/A
Oceanside Pharmacy,,oceansidepharmacy@yahoo.com,https://www.myoceansiderx.com,#N/A
Oval Drug,,ovaldrug@hotmail.com,https://www.ovaldrugrx.com,#N/A
Owego Pharmacy,,owegorx@yahoo.com,https://www.theowegopharmacy.com,#N/A
Oxford Pharmacy,,oxfordpharmacy264@gmail.com,https://oxfordpharmacyny.com,#N/A
Park Ave Pharmacy NJ,,information1@parkavepharmacy.com,https://www.parkavepharmacy.com,#N/A
Park Avenue Pharmacy NJ,,info@parkaverx.com,https://www.parkaverx.com,#N/A
Park Chemists Pharmacy,,info@parkchemistsrx.com,https://www.parkchemistsrx.com,#N/A
Park West Pharmacy,,rx@parkwestpharmacy.com,https://www.parkwestpharmacy.com,#N/A
Pharmaconic Littleneck,,info@pharmaconic.com,https://pharmaconic.com,#N/A
Pharmacy Plus NJ,,pplus900@gmail.com,http://www.pharmacyplusnj.com,#N/A
Prescription Center of Long Island,,pbsrx@nyrph.com,https://www.rxcenterli.com,#N/A
Pure Health Pharmacy,,purehealthrx@yahoo.com,https://www.purerxpharmacy.com,#N/A
Quick Aid Pharmacy,,quickaidpharmacy2@gmail.com,https://quickaidnj.com,#N/A
Randall Manor Pharmacy,,randallmanorrx@gmail.com,https://www.randallmanorpharmacy.com,#N/A
Richmond Heights Pharmacy,,richmondhpharmacy@gmail.com,https://www.richmondheightspharmacy.com,#N/A
Richmond Hill Pharmacy Inc,,richmondhillpharm@gmail.com,https://www.rhpharminc.com,#N/A
Richmond Valley Pharmacy,,richmondvalleypharmacy@sbcglobal.net,https://www.richmondvalleypharmacy.com,#N/A
Riverdale Specialty Pharmacy,,riverdaledrugs@gmail.com,https://riverdalespecialtypharmacy.com,#N/A
Rochester Care Pharmacy,,rochestercarerx@gmail.com,https://www.rochestercarerx.com,#N/A
Rye Beach Pharmacy,Steven Dershowitz,info@ryerx.com,https://www.ryerx.com,#N/A
Seaview Pharmacy,,info@seaview-pharmacy.com,https://seaview-pharmacy.com,#N/A
Shalom Pharmacy,,shalom.rakhminov@yahoo.com,https://www.shalomspharmacy.com,#N/A
Skillzcare Pharmacy,,skillzcarerx@gmail.com,https://www.skillzcarepharmacy.com,#N/A
SouthSide Pharmacy,,cs@southsidedrugs.com,https://www.southsidedrugs.com,#N/A
Starling Pharmacy,Nick Bhasin,info@starlingpharmacy.com,https://www.starlingpharmacy.com,#N/A
Super Health Pharmacy Park Slope,,shpparkslope@gmail.com,https://www.superhealthpharmacyps.com,#N/A
The Square Health & Wellness,,contact@squarehw.com,https://squarehw.com,#N/A
Thriftway Flatbush,,flatbushrx@thriftwaypharmacy.com,https://www.thriftwayflatbush.com,#N/A
Town Drug Pharmacy NJ,John Navarra,town_drug@yahoo.com,https://www.towndrugpharmacy.com,#N/A
Transcript Pharmacy,,info@transcriptrx.com,https://www.transcriptrx.com,#N/A
Tu Quynh Pharmacy,Tung T. Tong,customerservice@tuquynhrx.com,https://www.tuquynhrx.com,#N/A
Unity RX,,team@unityrxs.com,https://unityrxs.com,#N/A
V-Care Pharmacy CT,,info@myvcarepharmacy.com,https://myvcarepharmacy.com,#N/A
Vital Pharmacy,,info@vitalservicesrx.com,https://www.vitalpharmacyrx.com,#N/A
Westchester Compounding,,rxinfo@wc-rx.com,https://www.wc-rx.com,#N/A
Williamsburg Pharmacy,,wbpharmacy@gmail.com,https://www.wbpharmacy.net,#N/A
Yonkers Pharmacy,,yonkerspharmacy@yahoo.com,https://www.yonkerspharm.com,#N/A
Zitomer Pharmacy,,info@zitomer.com,https://zitomer.com,#N/A
