Pharmacy Name,Owner/Pharmacist Name,Email,Website URL
"Richmond Hill Pharmacy Inc","","richmondhillpharm@gmail.com","https://www.rhpharminc.com"
"Richmond Heights Pharmacy","","richmondhpharmacy@gmail.com","https://www.richmondheightspharmacy.com"
"Oceanside Pharmacy","","oceansidepharmacy@yahoo.com","https://www.myoceansiderx.com"
"Live Well Pharmacy","","livewellutica@gmail.com","https://www.livewellutica.com"
"Family Pharmacy Brooklyn","","info@familypharmacyny.com","https://www.familypharmacyny.com"
"Condo Pharmacy","Jean Moore","info@condopharmacy.com","https://www.condopharmacy.com"
"Bolton's Pharmacy","","info@boltonspharmacy.net","https://www.boltonspharmacy.com"
"Owego Pharmacy","","owegorx@yahoo.com","https://www.theowegopharmacy.com"
"J&J Pharmacy NJ","","jjteaneckpharmacy@gmail.com","https://www.jandjdrugstores.com"
"FCLNY Independent Index","","info@fclny.org","https://www.fclny.org/independent-pharmacy-resource-index-ny"
